{
  "model": "models/classifier_v20251123_000646.joblib",
  "timestamp": "20251123_000646",
  "train_samples": 62791,
  "accuracy": 0.7696146087695085,
  "class_report": {
    "Auto": {
      "precision": 0.9928057553956835,
      "recall": 0.9034369885433715,
      "f1-score": 0.9460154241645244,
      "support": 611.0
    },
    "Baby": {
      "precision": 0.9505494505494505,
      "recall": 0.596551724137931,
      "f1-score": 0.7330508474576272,
      "support": 290.0
    },
    "Clothes": {
      "precision": 0.9994131455399061,
      "recall": 0.8671079429735234,
      "f1-score": 0.9285714285714286,
      "support": 1964.0
    },
    "Electronics": {
      "precision": 0.9970014992503748,
      "recall": 0.965166908563135,
      "f1-score": 0.9808259587020649,
      "support": 689.0
    },
    "Entertainment": {
      "precision": 0.9126050420168067,
      "recall": 0.4963436928702011,
      "f1-score": 0.6429840142095915,
      "support": 1094.0
    },
    "Food": {
      "precision": 0.9926345609065156,
      "recall": 0.6722947045280123,
      "f1-score": 0.8016472203157172,
      "support": 2606.0
    },
    "Home": {
      "precision": 0.51927589674824,
      "recall": 0.9144037780401417,
      "f1-score": 0.6623904212101774,
      "support": 1694.0
    },
    "Kids": {
      "precision": 0.001851851851851852,
      "recall": 1.0,
      "f1-score": 0.0036968576709796672,
      "support": 1.0
    },
    "Medical": {
      "precision": 0.7307692307692307,
      "recall": 0.7869822485207101,
      "f1-score": 0.7578347578347578,
      "support": 169.0
    },
    "Personal_Care": {
      "precision": 0.971830985915493,
      "recall": 0.5348837209302325,
      "f1-score": 0.69,
      "support": 258.0
    },
    "Pets": {
      "precision": 0.3883495145631068,
      "recall": 0.9302325581395349,
      "f1-score": 0.547945205479452,
      "support": 43.0
    },
    "accuracy": 0.7696146087695085,
    "macro avg": {
      "precision": 0.7688260848642418,
      "recall": 0.7879458424769813,
      "f1-score": 0.6995420123287563,
      "support": 9419.0
    },
    "weighted avg": {
      "precision": 0.8905220654161308,
      "recall": 0.7696146087695085,
      "f1-score": 0.7999118268577025,
      "support": 9419.0
    }
  }
}